Countrycode	Timezone	Namespace	AirQualityNetwork	AirQualityStation	AirQualityStationEoICode	AirQualityStationNatCode	SamplingPoint	SamplingProcess	Sample	AirPollutant	AirPollutantCode	ObservationDateBegin	ObservationDateEnd	Projection	Longitude	Latitude	Altitude	MeasurementType	AirQualityStationType	AirQualityStationArea	EquivalenceDemonstrated	MeasurementEquipment	InletHeight	BuildingDistance	KerbDistance
GR	http://dd.eionet.europa.eu/vocabulary/aq/timezone/UTC+02	GR.MINNENV.AQ	NET-GR014A	STA-GR0001A	GR0001A	None	SPO-GR0001A_00005_100	SPP-GR_A_BETA_andersenFH62IR	SPO_F-GR0001A_00005_100_100	PM10	http://dd.eionet.europa.eu/vocabulary/aq/pollutant/5	2001-01-01 00:00:00.0000000		EPSG:4979	22.94306374	39.36638641	31	automatic	traffic	urban		http://dd.eionet.europa.eu/vocabulary/aq/measurementequipment/andersenFH62IR	0	-999	-999
GR	http://dd.eionet.europa.eu/vocabulary/aq/timezone/UTC+02	GR.MINNENV.AQ	NET-GR016A	STA-GR0002A	GR0002A	103	SPO-GR0002A_00001_100	SPP-GR_A_UV-FL_horibaAPSA360E	SPO_F-GR0002A_00001_100_100	SO2	http://dd.eionet.europa.eu/vocabulary/aq/pollutant/1	1988-01-01 00:00:00.0000000		EPSG:4979	23.72684288	37.97820663	100	automatic	traffic	urban		http://dd.eionet.europa.eu/vocabulary/aq/measurementequipment/horibaAPSA360E	500	-999	7
GR	http://dd.eionet.europa.eu/vocabulary/aq/timezone/UTC+02	GR.MINNENV.AQ	NET-GR016A	STA-GR0002A	GR0002A	103	SPO-GR0002A_00007_100	SPP-GR_A_UV-P_horibaAPOA360	SPO_F-GR0002A_00007_100_100	O3	http://dd.eionet.europa.eu/vocabulary/aq/pollutant/7	1988-01-01 00:00:00.0000000		EPSG:4979	23.72684288	37.97820663	100	automatic	traffic	urban		http://dd.eionet.europa.eu/vocabulary/aq/measurementequipment/horibaAPOA360	5	-999	7
GR	http://dd.eionet.europa.eu/vocabulary/aq/timezone/UTC+02	GR.MINNENV.AQ	NET-GR016A	STA-GR0002A	GR0002A	103	SPO-GR0002A_00008_100	SPP-GR_A_chemi_horibaAPNA360	SPO_F-GR0002A_00008_100_100	NO2	http://dd.eionet.europa.eu/vocabulary/aq/pollutant/8	1988-01-01 00:00:00.0000000		EPSG:4979	23.72684288	37.97820663	100	automatic	traffic	urban		http://dd.eionet.europa.eu/vocabulary/aq/measurementequipment/horibaAPNA360	5	-999	7
GR	http://dd.eionet.europa.eu/vocabulary/aq/timezone/UTC+02	GR.MINNENV.AQ	NET-GR016A	STA-GR0002A	GR0002A	103	SPO-GR0002A_00010_100	SPP-GR_A_NDIR_horibaAPMA360	SPO_F-GR0002A_00010_100_100	CO	http://dd.eionet.europa.eu/vocabulary/aq/pollutant/10	1988-01-01 00:00:00.0000000		EPSG:4979	23.72684288	37.97820663	100	automatic	traffic	urban		http://dd.eionet.europa.eu/vocabulary/aq/measurementequipment/horibaAPMA360	5	-999	7
GR	http://dd.eionet.europa.eu/vocabulary/aq/timezone/UTC+02	GR.MINNENV.AQ	NET-GR016A	STA-GR0002A	GR0002A	103	SPO-GR0002A_00038_100	SPP-GR_A_chemi_horibaAPNA360	SPO_F-GR0002A_00038_100_100	NO	http://dd.eionet.europa.eu/vocabulary/aq/pollutant/38	1988-01-01 00:00:00.0000000		EPSG:4979	23.72684288	37.97820663	100	automatic	traffic	urban		http://dd.eionet.europa.eu/vocabulary/aq/measurementequipment/horibaAPNA360	5	-999	7
GR	http://dd.eionet.europa.eu/vocabulary/aq/timezone/UTC+02	GR.MINNENV.AQ	NET-GR016A	STA-GR0003A	GR0003A	109	SPO-GR0003A_00005_100	SPP-GR_A_BETA_andersenFH62IR	SPO_F-GR0003A_00005_100_100	PM10	http://dd.eionet.europa.eu/vocabulary/aq/pollutant/5	2001-01-01 00:00:00.0000000		EPSG:4979	23.727628	37.988028	95	automatic	traffic	urban		http://dd.eionet.europa.eu/vocabulary/aq/measurementequipment/andersenFH62IR	5	-999	5
GR	http://dd.eionet.europa.eu/vocabulary/aq/timezone/UTC+02	GR.MINNENV.AQ	NET-GR016A	STA-GR0003A	GR0003A	109	SPO-GR0003A_00008_101	SPP-GR_A_chemi_horibaAPNA360	SPO_F-GR0003A_00008_101_101	NO2	http://dd.eionet.europa.eu/vocabulary/aq/pollutant/8	2001-01-01 00:00:00.0000000		EPSG:4979	23.727628	37.988028	95	automatic	traffic	urban		http://dd.eionet.europa.eu/vocabulary/aq/measurementequipment/horibaAPNA360	6	-999	5
GR	http://dd.eionet.europa.eu/vocabulary/aq/timezone/UTC+02	GR.MINNENV.AQ	NET-GR016A	STA-GR0003A	GR0003A	109	SPO-GR0003A_00038_101	SPP-GR_A_chemi_horibaAPNA360	SPO_F-GR0003A_00038_101_101	NO	http://dd.eionet.europa.eu/vocabulary/aq/pollutant/38	2001-01-01 00:00:00.0000000		EPSG:4979	23.727628	37.988028	95	automatic	traffic	urban		http://dd.eionet.europa.eu/vocabulary/aq/measurementequipment/horibaAPNA360	6	-999	5
GR	http://dd.eionet.europa.eu/vocabulary/aq/timezone/UTC+02	GR.MINNENV.AQ	NET-GR010A	STA-GR0008A	GR0008A	301	SPO-GR0008A_00001_100	SPP-GR_A_UV-FL_horibaAPSA360	SPO_F-GR0008A_00001_100_100	SO2	http://dd.eionet.europa.eu/vocabulary/aq/pollutant/1	2001-01-01 00:00:00.0000000		EPSG:4979	21.73843002	38.25309753	16	automatic	traffic	urban		http://dd.eionet.europa.eu/vocabulary/aq/measurementequipment/horibaAPSA360	4	-999	-999
GR	http://dd.eionet.europa.eu/vocabulary/aq/timezone/UTC+02	GR.MINNENV.AQ	NET-GR010A	STA-GR0008A	GR0008A	301	SPO-GR0008A_00005_100	SPP-GR_A_BETA_andersenFH62IR	SPO_F-GR0008A_00005_100_100	PM10	http://dd.eionet.europa.eu/vocabulary/aq/pollutant/5	2001-01-01 00:00:00.0000000		EPSG:4979	21.73843002	38.25309753	16	automatic	traffic	urban		http://dd.eionet.europa.eu/vocabulary/aq/measurementequipment/andersenFH62IR	4	-999	-999
GR	http://dd.eionet.europa.eu/vocabulary/aq/timezone/UTC+02	GR.MINNENV.AQ	NET-GR010A	STA-GR0008A	GR0008A	301	SPO-GR0008A_00007_100	SPP-GR_A_UV-P_horibaAPOA360	SPO_F-GR0008A_00007_100_100	O3	http://dd.eionet.europa.eu/vocabulary/aq/pollutant/7	2001-01-01 00:00:00.0000000		EPSG:4979	21.73843002	38.25309753	16	automatic	traffic	urban		http://dd.eionet.europa.eu/vocabulary/aq/measurementequipment/horibaAPOA360	4	-999	-999
GR	http://dd.eionet.europa.eu/vocabulary/aq/timezone/UTC+02	GR.MINNENV.AQ	NET-GR010A	STA-GR0008A	GR0008A	301	SPO-GR0008A_00008_100	SPP-GR_A_0000000000	SPO_F-GR0008A_00008_100_100	NO2	http://dd.eionet.europa.eu/vocabulary/aq/pollutant/8	1900-01-01 00:00:00.0000000		EPSG:4979	21.73843002	38.25309753	16	automatic	traffic	urban		http://dd.eionet.europa.eu/vocabulary/aq/measurementequipment/other	0	-999	-999
GR	http://dd.eionet.europa.eu/vocabulary/aq/timezone/UTC+02	GR.MINNENV.AQ	NET-GR010A	STA-GR0008A	GR0008A	301	SPO-GR0008A_00010_100	SPP-GR_A_0000000000	SPO_F-GR0008A_00010_100_100	CO	http://dd.eionet.europa.eu/vocabulary/aq/pollutant/10	1900-01-01 00:00:00.0000000		EPSG:4979	21.73843002	38.25309753	16	automatic	traffic	urban		http://dd.eionet.europa.eu/vocabulary/aq/measurementequipment/other	0	-999	-999
GR	http://dd.eionet.europa.eu/vocabulary/aq/timezone/UTC+02	GR.MINNENV.AQ	NET-GR010A	STA-GR0008A	GR0008A	301	SPO-GR0008A_00038_100	SPP-GR_A_0000000000	SPO_F-GR0008A_00038_100_100	NO	http://dd.eionet.europa.eu/vocabulary/aq/pollutant/38	1900-01-01 00:00:00.0000000		EPSG:4979	21.73843002	38.25309753	16	automatic	traffic	urban		http://dd.eionet.europa.eu/vocabulary/aq/measurementequipment/other	0	-999	-999
GR	http://dd.eionet.europa.eu/vocabulary/aq/timezone/UTC+01	GR.MINNENV.AQ	NET-GR006A	STA-GR0010A	GR0010A	None	SPO-GR0010A_00005_100	SPP-GR_A_BETA_andersenFH62IR	SPO_F-GR0010A_00005_100_100	PM10	http://dd.eionet.europa.eu/vocabulary/aq/pollutant/5	2001-01-01 00:00:00.0000000		EPSG:4979	22.45333672	39.66749954	5	automatic	traffic	urban		http://dd.eionet.europa.eu/vocabulary/aq/measurementequipment/andersenFH62IR	0	-999	-999
GR	http://dd.eionet.europa.eu/vocabulary/aq/timezone/UTC+01	GR.MINNENV.AQ	NET-GR006A	STA-GR0010A	GR0010A	None	SPO-GR0010A_00008_100	SPP-GR_A_chemi_horibaAPNA300	SPO_F-GR0010A_00008_100_100	NO2	http://dd.eionet.europa.eu/vocabulary/aq/pollutant/8	1986-01-01 00:00:00.0000000		EPSG:4979	22.45333672	39.66749954	5	automatic	traffic	urban		http://dd.eionet.europa.eu/vocabulary/aq/measurementequipment/horibaAPNA300	500	-999	-999
GR	http://dd.eionet.europa.eu/vocabulary/aq/timezone/UTC+01	GR.MINNENV.AQ	NET-GR006A	STA-GR0010A	GR0010A	None	SPO-GR0010A_00010_100	SPP-GR_A_NDIR_horibaAPMA300	SPO_F-GR0010A_00010_100_100	CO	http://dd.eionet.europa.eu/vocabulary/aq/pollutant/10	1986-01-01 00:00:00.0000000		EPSG:4979	22.45333672	39.66749954	5	automatic	traffic	urban		http://dd.eionet.europa.eu/vocabulary/aq/measurementequipment/horibaAPMA300	500	-999	-999
GR	http://dd.eionet.europa.eu/vocabulary/aq/timezone/UTC+01	GR.MINNENV.AQ	NET-GR006A	STA-GR0010A	GR0010A	None	SPO-GR0010A_00038_100	SPP-GR_A_chemi_dasibi2108	SPO_F-GR0010A_00038_100_100	NO	http://dd.eionet.europa.eu/vocabulary/aq/pollutant/38	2001-01-01 00:00:00.0000000		EPSG:4979	22.45333672	39.66749954	5	automatic	traffic	urban		http://dd.eionet.europa.eu/vocabulary/aq/measurementequipment/dasibi2108	0	-999	-999
GR	http://dd.eionet.europa.eu/vocabulary/aq/timezone/UTC+02	GR.MINNENV.AQ	NET-GR007A	STA-GR0018A	GR0018A	201	SPO-GR0018A_00001_100	SPP-GR_A_chemi_horibaAPNA360	SPO_F-GR0018A_00001_100_100	SO2	http://dd.eionet.europa.eu/vocabulary/aq/pollutant/1	2001-01-01 00:00:00.0000000		EPSG:4979	22.9452877	40.6337738	27	automatic	traffic	urban		http://dd.eionet.europa.eu/vocabulary/aq/measurementequipment/horibaAPNA360	4	-999	-999
GR	http://dd.eionet.europa.eu/vocabulary/aq/timezone/UTC+02	GR.MINNENV.AQ	NET-GR007A	STA-GR0018A	GR0018A	201	SPO-GR0018A_00005_100	SPP-GR_A_BETA_andersenFH62IR	SPO_F-GR0018A_00005_100_100	PM10	http://dd.eionet.europa.eu/vocabulary/aq/pollutant/5	2001-01-01 00:00:00.0000000		EPSG:4979	22.9452877	40.6337738	27	automatic	traffic	urban		http://dd.eionet.europa.eu/vocabulary/aq/measurementequipment/andersenFH62IR	4	-999	-999
GR	http://dd.eionet.europa.eu/vocabulary/aq/timezone/UTC+02	GR.MINNENV.AQ	NET-GR007A	STA-GR0018A	GR0018A	201	SPO-GR0018A_00007_100	SPP-GR_A_chemi_horibaAPNA360	SPO_F-GR0018A_00007_100_100	O3	http://dd.eionet.europa.eu/vocabulary/aq/pollutant/7	2001-01-01 00:00:00.0000000		EPSG:4979	22.9452877	40.6337738	27	automatic	traffic	urban		http://dd.eionet.europa.eu/vocabulary/aq/measurementequipment/horibaAPNA360	4	-999	-999
GR	http://dd.eionet.europa.eu/vocabulary/aq/timezone/UTC+02	GR.MINNENV.AQ	NET-GR007A	STA-GR0018A	GR0018A	201	SPO-GR0018A_00008_100	SPP-GR_A_chemi_horibaAPNA360	SPO_F-GR0018A_00008_100_100	NO2	http://dd.eionet.europa.eu/vocabulary/aq/pollutant/8	2001-01-01 00:00:00.0000000		EPSG:4979	22.9452877	40.6337738	27	automatic	traffic	urban		http://dd.eionet.europa.eu/vocabulary/aq/measurementequipment/horibaAPNA360	4	-999	-999
GR	http://dd.eionet.europa.eu/vocabulary/aq/timezone/UTC+02	GR.MINNENV.AQ	NET-GR007A	STA-GR0018A	GR0018A	201	SPO-GR0018A_00010_100	SPP-GR_A_NDIR_horibaAPMA360	SPO_F-GR0018A_00010_100_100	CO	http://dd.eionet.europa.eu/vocabulary/aq/pollutant/10	2001-01-01 00:00:00.0000000		EPSG:4979	22.9452877	40.6337738	27	automatic	traffic	urban		http://dd.eionet.europa.eu/vocabulary/aq/measurementequipment/horibaAPMA360	4	-999	-999
GR	http://dd.eionet.europa.eu/vocabulary/aq/timezone/UTC+02	GR.MINNENV.AQ	NET-GR007A	STA-GR0018A	GR0018A	201	SPO-GR0018A_00038_100	SPP-GR_A_chemi_horibaAPNA360	SPO_F-GR0018A_00038_100_100	NO	http://dd.eionet.europa.eu/vocabulary/aq/pollutant/38	2001-01-01 00:00:00.0000000		EPSG:4979	22.9452877	40.6337738	27	automatic	traffic	urban		http://dd.eionet.europa.eu/vocabulary/aq/measurementequipment/horibaAPNA360	4	-999	-999
GR	http://dd.eionet.europa.eu/vocabulary/aq/timezone/UTC+02	GR.MINNENV.AQ	NET-GR007A	STA-GR0019A	GR0019A	204	SPO-GR0019A_00005_100	SPP-GR_A_BETA_andersenFH62IR	SPO_F-GR0019A_00005_100_100	PM10	http://dd.eionet.europa.eu/vocabulary/aq/pollutant/5	2007-01-01 00:00:00.0000000		EPSG:4979	22.959303	40.578917	60	automatic	traffic	suburban		http://dd.eionet.europa.eu/vocabulary/aq/measurementequipment/andersenFH62IR	0	-999	-999
GR	http://dd.eionet.europa.eu/vocabulary/aq/timezone/UTC+02	GR.MINNENV.AQ	NET-GR007A	STA-GR0019A	GR0019A	204	SPO-GR0019A_00010_100	SPP-GR_A_NDIR_horibaAPMA350	SPO_F-GR0019A_00010_100_100	CO	http://dd.eionet.europa.eu/vocabulary/aq/pollutant/10	1991-01-01 00:00:00.0000000		EPSG:4979	22.959303	40.578917	60	automatic	traffic	suburban		http://dd.eionet.europa.eu/vocabulary/aq/measurementequipment/horibaAPMA350	4	-999	-999
GR	http://dd.eionet.europa.eu/vocabulary/aq/timezone/UTC+02	GR.MINNENV.AQ	NET-GR007A	STA-GR0020A	GR0020A	202	SPO-GR0020A_00001_100	SPP-GR_A_chemi_horibaAPNA360	SPO_F-GR0020A_00001_100_100	SO2	http://dd.eionet.europa.eu/vocabulary/aq/pollutant/1	2001-01-01 00:00:00.0000000		EPSG:4979	22.89343834	40.67354965	30	automatic	industrial	urban		http://dd.eionet.europa.eu/vocabulary/aq/measurementequipment/horibaAPNA360	4	-999	-999
GR	http://dd.eionet.europa.eu/vocabulary/aq/timezone/UTC+02	GR.MINNENV.AQ	NET-GR007A	STA-GR0020A	GR0020A	202	SPO-GR0020A_00005_100	SPP-GR_A_BETA_andersenFH62IR	SPO_F-GR0020A_00005_100_100	PM10	http://dd.eionet.europa.eu/vocabulary/aq/pollutant/5	2001-01-01 00:00:00.0000000		EPSG:4979	22.89343834	40.67354965	30	automatic	industrial	urban		http://dd.eionet.europa.eu/vocabulary/aq/measurementequipment/andersenFH62IR	4	-999	-999
GR	http://dd.eionet.europa.eu/vocabulary/aq/timezone/UTC+02	GR.MINNENV.AQ	NET-GR007A	STA-GR0020A	GR0020A	202	SPO-GR0020A_00007_100	SPP-GR_A_UV-P_horibaAPOA360	SPO_F-GR0020A_00007_100_100	O3	http://dd.eionet.europa.eu/vocabulary/aq/pollutant/7	2001-01-01 00:00:00.0000000		EPSG:4979	22.89343834	40.67354965	30	automatic	industrial	urban		http://dd.eionet.europa.eu/vocabulary/aq/measurementequipment/horibaAPOA360	4	-999	-999
GR	http://dd.eionet.europa.eu/vocabulary/aq/timezone/UTC+02	GR.MINNENV.AQ	NET-GR007A	STA-GR0020A	GR0020A	202	SPO-GR0020A_00008_100	SPP-GR_A_chemi_horibaAPNA360	SPO_F-GR0020A_00008_100_100	NO2	http://dd.eionet.europa.eu/vocabulary/aq/pollutant/8	2001-01-01 00:00:00.0000000		EPSG:4979	22.89343834	40.67354965	30	automatic	industrial	urban		http://dd.eionet.europa.eu/vocabulary/aq/measurementequipment/horibaAPNA360	4	-999	-999
GR	http://dd.eionet.europa.eu/vocabulary/aq/timezone/UTC+02	GR.MINNENV.AQ	NET-GR007A	STA-GR0020A	GR0020A	202	SPO-GR0020A_00010_100	SPP-GR_A_NDIR_horibaAPMA360	SPO_F-GR0020A_00010_100_100	CO	http://dd.eionet.europa.eu/vocabulary/aq/pollutant/10	2001-01-01 00:00:00.0000000		EPSG:4979	22.89343834	40.67354965	30	automatic	industrial	urban		http://dd.eionet.europa.eu/vocabulary/aq/measurementequipment/horibaAPMA360	4	-999	-999
GR	http://dd.eionet.europa.eu/vocabulary/aq/timezone/UTC+02	GR.MINNENV.AQ	NET-GR007A	STA-GR0020A	GR0020A	202	SPO-GR0020A_00038_100	SPP-GR_A_chemi_horibaAPNA360	SPO_F-GR0020A_00038_100_100	NO	http://dd.eionet.europa.eu/vocabulary/aq/pollutant/38	2001-01-01 00:00:00.0000000		EPSG:4979	22.89343834	40.67354965	30	automatic	industrial	urban		http://dd.eionet.europa.eu/vocabulary/aq/measurementequipment/horibaAPNA360	4	-999	-999
GR	http://dd.eionet.europa.eu/vocabulary/aq/timezone/UTC+02	GR.MINNENV.AQ	NET-GR016A	STA-GR0022A	GR0022A	107	SPO-GR0022A_00005_100	SPP-GR_A_BETA_andersenFH62IR	SPO_F-GR0022A_00005_100_100	PM10	http://dd.eionet.europa.eu/vocabulary/aq/pollutant/5	2001-01-01 00:00:00.0000000		EPSG:4979	23.78735733	38.03083801	170	automatic	traffic	urban		http://dd.eionet.europa.eu/vocabulary/aq/measurementequipment/andersenFH62IR	4	-999	10
GR	http://dd.eionet.europa.eu/vocabulary/aq/timezone/UTC+02	GR.MINNENV.AQ	NET-GR016A	STA-GR0022A	GR0022A	107	SPO-GR0022A_00007_100	SPP-GR_A_UV-P_horibaAPOA360	SPO_F-GR0022A_00007_100_100	O3	http://dd.eionet.europa.eu/vocabulary/aq/pollutant/7	1990-01-01 00:00:00.0000000		EPSG:4979	23.78735733	38.03083801	170	automatic	traffic	urban		http://dd.eionet.europa.eu/vocabulary/aq/measurementequipment/horibaAPOA360	4	-999	10
GR	http://dd.eionet.europa.eu/vocabulary/aq/timezone/UTC+02	GR.MINNENV.AQ	NET-GR016A	STA-GR0022A	GR0022A	107	SPO-GR0022A_00008_100	SPP-GR_A_chemi_horibaAPNA360	SPO_F-GR0022A_00008_100_100	NO2	http://dd.eionet.europa.eu/vocabulary/aq/pollutant/8	1990-01-01 00:00:00.0000000		EPSG:4979	23.78735733	38.03083801	170	automatic	traffic	urban		http://dd.eionet.europa.eu/vocabulary/aq/measurementequipment/horibaAPNA360	4	-999	10
GR	http://dd.eionet.europa.eu/vocabulary/aq/timezone/UTC+02	GR.MINNENV.AQ	NET-GR016A	STA-GR0022A	GR0022A	107	SPO-GR0022A_00010_100	SPP-GR_A_NDIR_horibaAPMA360	SPO_F-GR0022A_00010_100_100	CO	http://dd.eionet.europa.eu/vocabulary/aq/pollutant/10	1990-01-01 00:00:00.0000000		EPSG:4979	23.78735733	38.03083801	170	automatic	traffic	urban		http://dd.eionet.europa.eu/vocabulary/aq/measurementequipment/horibaAPMA360	4	-999	10
GR	http://dd.eionet.europa.eu/vocabulary/aq/timezone/UTC+02	GR.MINNENV.AQ	NET-GR016A	STA-GR0022A	GR0022A	107	SPO-GR0022A_00038_100	SPP-GR_A_chemi_horibaAPNA360	SPO_F-GR0022A_00038_100_100	NO	http://dd.eionet.europa.eu/vocabulary/aq/pollutant/38	1990-01-01 00:00:00.0000000		EPSG:4979	23.78735733	38.03083801	170	automatic	traffic	urban		http://dd.eionet.europa.eu/vocabulary/aq/measurementequipment/horibaAPNA360	4	-999	10
GR	http://dd.eionet.europa.eu/vocabulary/aq/timezone/UTC+02	GR.MINNENV.AQ	NET-GR016A	STA-GR0027A	GR0027A	106	SPO-GR0027A_00007_100	SPP-GR_A_UV-P_horibaAPOA360	SPO_F-GR0027A_00007_100_100	O3	http://dd.eionet.europa.eu/vocabulary/aq/pollutant/7	1984-01-01 00:00:00.0000000		EPSG:4979	23.697842	38.076814	165	automatic	background	suburban		http://dd.eionet.europa.eu/vocabulary/aq/measurementequipment/horibaAPOA360	14	-999	-999
GR	http://dd.eionet.europa.eu/vocabulary/aq/timezone/UTC+02	GR.MINNENV.AQ	NET-GR016A	STA-GR0027A	GR0027A	106	SPO-GR0027A_00008_100	SPP-GR_A_chemi_horibaAPNA360	SPO_F-GR0027A_00008_100_100	NO2	http://dd.eionet.europa.eu/vocabulary/aq/pollutant/8	1984-01-01 00:00:00.0000000		EPSG:4979	23.697842	38.076814	165	automatic	background	suburban		http://dd.eionet.europa.eu/vocabulary/aq/measurementequipment/horibaAPNA360	14	-999	-999
GR	http://dd.eionet.europa.eu/vocabulary/aq/timezone/UTC+02	GR.MINNENV.AQ	NET-GR016A	STA-GR0027A	GR0027A	106	SPO-GR0027A_00038_100	SPP-GR_A_chemi_horibaAPNA360	SPO_F-GR0027A_00038_100_100	NO	http://dd.eionet.europa.eu/vocabulary/aq/pollutant/38	1984-01-01 00:00:00.0000000		EPSG:4979	23.697842	38.076814	165	automatic	background	suburban		http://dd.eionet.europa.eu/vocabulary/aq/measurementequipment/horibaAPNA360	14	-999	-999
GR	http://dd.eionet.europa.eu/vocabulary/aq/timezone/UTC+02	GR.MINNENV.AQ	NET-GR016A	STA-GR0028A	GR0028A	108	SPO-GR0028A_00001_101	SPP-GR_A_UV-FL_horibaAPSA360E	SPO_F-GR0028A_00001_101_101	SO2	http://dd.eionet.europa.eu/vocabulary/aq/pollutant/1	2001-01-01 00:00:00.0000000		EPSG:4979	23.68835449	38.02080536	80	automatic	background	urban		http://dd.eionet.europa.eu/vocabulary/aq/measurementequipment/horibaAPSA360E	5	-999	-999
GR	http://dd.eionet.europa.eu/vocabulary/aq/timezone/UTC+02	GR.MINNENV.AQ	NET-GR016A	STA-GR0028A	GR0028A	108	SPO-GR0028A_00007_101	SPP-GR_A_UV-P_horibaAPOA360	SPO_F-GR0028A_00007_101_101	O3	http://dd.eionet.europa.eu/vocabulary/aq/pollutant/7	2001-01-01 00:00:00.0000000		EPSG:4979	23.68835449	38.02080536	80	automatic	background	urban		http://dd.eionet.europa.eu/vocabulary/aq/measurementequipment/horibaAPOA360	5	-999	-999
GR	http://dd.eionet.europa.eu/vocabulary/aq/timezone/UTC+02	GR.MINNENV.AQ	NET-GR016A	STA-GR0028A	GR0028A	108	SPO-GR0028A_00008_101	SPP-GR_A_chemi_horibaAPNA360	SPO_F-GR0028A_00008_101_101	NO2	http://dd.eionet.europa.eu/vocabulary/aq/pollutant/8	2001-01-01 00:00:00.0000000		EPSG:4979	23.68835449	38.02080536	80	automatic	background	urban		http://dd.eionet.europa.eu/vocabulary/aq/measurementequipment/horibaAPNA360	5	-999	-999
GR	http://dd.eionet.europa.eu/vocabulary/aq/timezone/UTC+02	GR.MINNENV.AQ	NET-GR016A	STA-GR0028A	GR0028A	108	SPO-GR0028A_00010_101	SPP-GR_A_NDIR_horibaAPMA360	SPO_F-GR0028A_00010_101_101	CO	http://dd.eionet.europa.eu/vocabulary/aq/pollutant/10	2001-01-01 00:00:00.0000000		EPSG:4979	23.68835449	38.02080536	80	automatic	background	urban		http://dd.eionet.europa.eu/vocabulary/aq/measurementequipment/horibaAPMA360	5	-999	-999
GR	http://dd.eionet.europa.eu/vocabulary/aq/timezone/UTC+02	GR.MINNENV.AQ	NET-GR016A	STA-GR0028A	GR0028A	108	SPO-GR0028A_00038_101	SPP-GR_A_chemi_horibaAPNA360	SPO_F-GR0028A_00038_101_101	NO	http://dd.eionet.europa.eu/vocabulary/aq/pollutant/38	2001-01-01 00:00:00.0000000		EPSG:4979	23.68835449	38.02080536	80	automatic	background	urban		http://dd.eionet.europa.eu/vocabulary/aq/measurementequipment/horibaAPNA360	5	-999	-999
GR	http://dd.eionet.europa.eu/vocabulary/aq/timezone/UTC+02	GR.MINNENV.AQ	NET-GR016A	STA-GR0029A	GR0029A	104	SPO-GR0029A_00007_101	SPP-GR_A_UV-P_horibaAPOA360	SPO_F-GR0029A_00007_101_101	O3	http://dd.eionet.europa.eu/vocabulary/aq/pollutant/7	2001-01-01 00:00:00.0000000		EPSG:4979	23.70678902	37.98362732	40	automatic	industrial	suburban		http://dd.eionet.europa.eu/vocabulary/aq/measurementequipment/horibaAPOA360	6	-999	-999
GR	http://dd.eionet.europa.eu/vocabulary/aq/timezone/UTC+02	GR.MINNENV.AQ	NET-GR016A	STA-GR0029A	GR0029A	104	SPO-GR0029A_00008_101	SPP-GR_A_chemi_horibaAPNA360	SPO_F-GR0029A_00008_101_101	NO2	http://dd.eionet.europa.eu/vocabulary/aq/pollutant/8	2001-01-01 00:00:00.0000000		EPSG:4979	23.70678902	37.98362732	40	automatic	industrial	suburban		http://dd.eionet.europa.eu/vocabulary/aq/measurementequipment/horibaAPNA360	6	-999	-999
GR	http://dd.eionet.europa.eu/vocabulary/aq/timezone/UTC+02	GR.MINNENV.AQ	NET-GR016A	STA-GR0029A	GR0029A	104	SPO-GR0029A_00010_101	SPP-GR_A_NDIR_horibaAPMA360	SPO_F-GR0029A_00010_101_101	CO	http://dd.eionet.europa.eu/vocabulary/aq/pollutant/10	2001-01-01 00:00:00.0000000		EPSG:4979	23.70678902	37.98362732	40	automatic	industrial	suburban		http://dd.eionet.europa.eu/vocabulary/aq/measurementequipment/horibaAPMA360	6	-999	-999
GR	http://dd.eionet.europa.eu/vocabulary/aq/timezone/UTC+02	GR.MINNENV.AQ	NET-GR016A	STA-GR0029A	GR0029A	104	SPO-GR0029A_00038_101	SPP-GR_A_chemi_horibaAPNA360	SPO_F-GR0029A_00038_101_101	NO	http://dd.eionet.europa.eu/vocabulary/aq/pollutant/38	2001-01-01 00:00:00.0000000		EPSG:4979	23.70678902	37.98362732	40	automatic	industrial	suburban		http://dd.eionet.europa.eu/vocabulary/aq/measurementequipment/horibaAPNA360	6	-999	-999
GR	http://dd.eionet.europa.eu/vocabulary/aq/timezone/UTC+02	GR.MINNENV.AQ	NET-GR016A	STA-GR0030A	GR0030A	102	SPO-GR0030A_00001_110	SPP-GR_A_UV-FL_horibaAPSA360E	SPO_F-GR0030A_00001_110_110	SO2	http://dd.eionet.europa.eu/vocabulary/aq/pollutant/1	2001-01-01 00:00:00.0000000		EPSG:4979	23.64751053	37.9432869	20	automatic	traffic	urban		http://dd.eionet.europa.eu/vocabulary/aq/measurementequipment/horibaAPSA360E	4	-999	6
GR	http://dd.eionet.europa.eu/vocabulary/aq/timezone/UTC+02	GR.MINNENV.AQ	NET-GR016A	STA-GR0030A	GR0030A	102	SPO-GR0030A_00001_120	SPP-GR_N_SP_00640	SPO_F-GR0030A_00001_120_120	SO2	http://dd.eionet.europa.eu/vocabulary/aq/pollutant/1	1900-01-01 00:00:00.0000000		EPSG:4979	23.64751053	37.9432869	20	active	traffic	urban			0	-999	6
GR	http://dd.eionet.europa.eu/vocabulary/aq/timezone/UTC+02	GR.MINNENV.AQ	NET-GR016A	STA-GR0030A	GR0030A	102	SPO-GR0030A_00005_100	SPP-GR_A_BETA_andersenFH62IR	SPO_F-GR0030A_00005_100_100	PM10	http://dd.eionet.europa.eu/vocabulary/aq/pollutant/5	2001-01-01 00:00:00.0000000		EPSG:4979	23.64751053	37.9432869	20	automatic	traffic	urban		http://dd.eionet.europa.eu/vocabulary/aq/measurementequipment/andersenFH62IR	4	-999	6
GR	http://dd.eionet.europa.eu/vocabulary/aq/timezone/UTC+02	GR.MINNENV.AQ	NET-GR016A	STA-GR0030A	GR0030A	102	SPO-GR0030A_00007_110	SPP-GR_A_UV-P_horibaAPOA360	SPO_F-GR0030A_00007_110_110	O3	http://dd.eionet.europa.eu/vocabulary/aq/pollutant/7	2001-01-01 00:00:00.0000000		EPSG:4979	23.64751053	37.9432869	20	automatic	traffic	urban		http://dd.eionet.europa.eu/vocabulary/aq/measurementequipment/horibaAPOA360	4	-999	6
GR	http://dd.eionet.europa.eu/vocabulary/aq/timezone/UTC+02	GR.MINNENV.AQ	NET-GR016A	STA-GR0030A	GR0030A	102	SPO-GR0030A_00008_110	SPP-GR_A_chemi_horibaAPNA360	SPO_F-GR0030A_00008_110_110	NO2	http://dd.eionet.europa.eu/vocabulary/aq/pollutant/8	2001-01-01 00:00:00.0000000		EPSG:4979	23.64751053	37.9432869	20	automatic	traffic	urban		http://dd.eionet.europa.eu/vocabulary/aq/measurementequipment/horibaAPNA360	4	-999	6
GR	http://dd.eionet.europa.eu/vocabulary/aq/timezone/UTC+02	GR.MINNENV.AQ	NET-GR016A	STA-GR0030A	GR0030A	102	SPO-GR0030A_00010_110	SPP-GR_A_NDIR_horibaAPMA360	SPO_F-GR0030A_00010_110_110	CO	http://dd.eionet.europa.eu/vocabulary/aq/pollutant/10	2001-01-01 00:00:00.0000000		EPSG:4979	23.64751053	37.9432869	20	automatic	traffic	urban		http://dd.eionet.europa.eu/vocabulary/aq/measurementequipment/horibaAPMA360	4	-999	6
GR	http://dd.eionet.europa.eu/vocabulary/aq/timezone/UTC+02	GR.MINNENV.AQ	NET-GR016A	STA-GR0030A	GR0030A	102	SPO-GR0030A_00038_110	SPP-GR_A_chemi_horibaAPNA360	SPO_F-GR0030A_00038_110_110	NO	http://dd.eionet.europa.eu/vocabulary/aq/pollutant/38	2001-01-01 00:00:00.0000000		EPSG:4979	23.64751053	37.9432869	20	automatic	traffic	urban		http://dd.eionet.europa.eu/vocabulary/aq/measurementequipment/horibaAPNA360	4	-999	6
GR	http://dd.eionet.europa.eu/vocabulary/aq/timezone/UTC+02	GR.MINNENV.AQ	NET-GR016A	STA-GR0030A	GR0030A	102	SPO-GR0030A_06001_100	SPP-GR_A_BETA_andersenFH62IR	SPO_F-GR0030A_06001_100_100	PM2.5	http://dd.eionet.europa.eu/vocabulary/aq/pollutant/6001	2005-01-01 00:00:00.0000000		EPSG:4979	23.64751053	37.9432869	20	automatic	traffic	urban		http://dd.eionet.europa.eu/vocabulary/aq/measurementequipment/andersenFH62IR	4	-999	6
GR	http://dd.eionet.europa.eu/vocabulary/aq/timezone/UTC+02	GR.MINNENV.AQ	NET-GR016A	STA-GR0031A	GR0031A	105	SPO-GR0031A_00007_100	SPP-GR_A_UV-P_horibaAPOA360	SPO_F-GR0031A_00007_100_100	O3	http://dd.eionet.europa.eu/vocabulary/aq/pollutant/7	2000-01-01 00:00:00.0000000		EPSG:4979	23.71300888	37.93199539	50	automatic	background	urban		http://dd.eionet.europa.eu/vocabulary/aq/measurementequipment/horibaAPOA360	0	-999	-999
GR	http://dd.eionet.europa.eu/vocabulary/aq/timezone/UTC+02	GR.MINNENV.AQ	NET-GR016A	STA-GR0031A	GR0031A	105	SPO-GR0031A_00008_100	SPP-GR_A_chemi_horibaAPNA360	SPO_F-GR0031A_00008_100_100	NO2	http://dd.eionet.europa.eu/vocabulary/aq/pollutant/8	2000-01-01 00:00:00.0000000		EPSG:4979	23.71300888	37.93199539	50	automatic	background	urban		http://dd.eionet.europa.eu/vocabulary/aq/measurementequipment/horibaAPNA360	0	-999	-999
GR	http://dd.eionet.europa.eu/vocabulary/aq/timezone/UTC+02	GR.MINNENV.AQ	NET-GR016A	STA-GR0031A	GR0031A	105	SPO-GR0031A_00010_100	SPP-GR_A_NDIR_horibaAPMA360	SPO_F-GR0031A_00010_100_100	CO	http://dd.eionet.europa.eu/vocabulary/aq/pollutant/10	1984-01-01 00:00:00.0000000		EPSG:4979	23.71300888	37.93199539	50	automatic	background	urban		http://dd.eionet.europa.eu/vocabulary/aq/measurementequipment/horibaAPMA360	400	-999	-999
GR	http://dd.eionet.europa.eu/vocabulary/aq/timezone/UTC+02	GR.MINNENV.AQ	NET-GR016A	STA-GR0031A	GR0031A	105	SPO-GR0031A_00038_100	SPP-GR_A_chemi_horibaAPNA360	SPO_F-GR0031A_00038_100_100	NO	http://dd.eionet.europa.eu/vocabulary/aq/pollutant/38	2000-01-01 00:00:00.0000000		EPSG:4979	23.71300888	37.93199539	50	automatic	background	urban		http://dd.eionet.europa.eu/vocabulary/aq/measurementequipment/horibaAPNA360	400	-999	-999
GR	http://dd.eionet.europa.eu/vocabulary/aq/timezone/UTC+02	GR.MINNENV.AQ	NET-GR016A	STA-GR0032A	GR0032A	101	SPO-GR0032A_00001_110	SPP-GR_A_UV-FL_horibaAPSA360E	SPO_F-GR0032A_00001_110_110	SO2	http://dd.eionet.europa.eu/vocabulary/aq/pollutant/1	2001-01-01 00:00:00.0000000		EPSG:4979	23.73304749	37.99945831	105	automatic	traffic	urban		http://dd.eionet.europa.eu/vocabulary/aq/measurementequipment/horibaAPSA360E	8	-999	5
GR	http://dd.eionet.europa.eu/vocabulary/aq/timezone/UTC+02	GR.MINNENV.AQ	NET-GR016A	STA-GR0032A	GR0032A	101	SPO-GR0032A_00007_110	SPP-GR_A_UV-P_horibaAPOA360	SPO_F-GR0032A_00007_110_110	O3	http://dd.eionet.europa.eu/vocabulary/aq/pollutant/7	2001-01-01 00:00:00.0000000		EPSG:4979	23.73304749	37.99945831	105	automatic	traffic	urban		http://dd.eionet.europa.eu/vocabulary/aq/measurementequipment/horibaAPOA360	8	-999	5
GR	http://dd.eionet.europa.eu/vocabulary/aq/timezone/UTC+02	GR.MINNENV.AQ	NET-GR016A	STA-GR0032A	GR0032A	101	SPO-GR0032A_00008_100	SPP-GR_A_chemi_thermo14B	SPO_F-GR0032A_00008_100_100	NO2	http://dd.eionet.europa.eu/vocabulary/aq/pollutant/8	1984-01-01 00:00:00.0000000		EPSG:4979	23.73304749	37.99945831	105	automatic	traffic	urban		http://dd.eionet.europa.eu/vocabulary/aq/measurementequipment/thermo14B	0	-999	5
GR	http://dd.eionet.europa.eu/vocabulary/aq/timezone/UTC+02	GR.MINNENV.AQ	NET-GR016A	STA-GR0032A	GR0032A	101	SPO-GR0032A_00010_110	SPP-GR_A_NDIR_thermo48c	SPO_F-GR0032A_00010_110_110	CO	http://dd.eionet.europa.eu/vocabulary/aq/pollutant/10	1900-01-01 00:00:00.0000000		EPSG:4979	23.73304749	37.99945831	105	automatic	traffic	urban		http://dd.eionet.europa.eu/vocabulary/aq/measurementequipment/thermo48c	0	-999	5
GR	http://dd.eionet.europa.eu/vocabulary/aq/timezone/UTC+02	GR.MINNENV.AQ	NET-GR016A	STA-GR0032A	GR0032A	101	SPO-GR0032A_00020_100	SPP-GR_A_GC-FID_GC855BTX	SPO_F-GR0032A_00020_100_100	C6H6	http://dd.eionet.europa.eu/vocabulary/aq/pollutant/20	2004-04-01 00:00:00.0000000		EPSG:4979	23.73304749	37.99945831	105	automatic	traffic	urban		http://dd.eionet.europa.eu/vocabulary/aq/measurementequipment/GC855BTX	7	-999	5
GR	http://dd.eionet.europa.eu/vocabulary/aq/timezone/UTC+02	GR.MINNENV.AQ	NET-GR016A	STA-GR0032A	GR0032A	101	SPO-GR0032A_00021_100	SPP-GR_A_GC-FID_GC855BTX	SPO_F-GR0032A_00021_100_100	C6H5-CH3	http://dd.eionet.europa.eu/vocabulary/aq/pollutant/21	2005-01-01 00:00:00.0000000		EPSG:4979	23.73304749	37.99945831	105	automatic	traffic	urban		http://dd.eionet.europa.eu/vocabulary/aq/measurementequipment/GC855BTX	0	-999	5
GR	http://dd.eionet.europa.eu/vocabulary/aq/timezone/UTC+02	GR.MINNENV.AQ	NET-GR016A	STA-GR0032A	GR0032A	101	SPO-GR0032A_00038_110	SPP-GR_A_chemi_horibaAPNA360	SPO_F-GR0032A_00038_110_110	NO	http://dd.eionet.europa.eu/vocabulary/aq/pollutant/38	2001-01-01 00:00:00.0000000		EPSG:4979	23.73304749	37.99945831	105	automatic	traffic	urban		http://dd.eionet.europa.eu/vocabulary/aq/measurementequipment/horibaAPNA360	8	-999	5
GR	http://dd.eionet.europa.eu/vocabulary/aq/timezone/UTC+02	GR.MINNENV.AQ	NET-GR016A	STA-GR0032A	GR0032A	101	SPO-GR0032A_00431_100	SPP-GR_A_GC-FID_GC855BTX	SPO_F-GR0032A_00431_100_100	C6H5-C2H5	http://dd.eionet.europa.eu/vocabulary/aq/pollutant/431	2005-01-01 00:00:00.0000000		EPSG:4979	23.73304749	37.99945831	105	automatic	traffic	urban		http://dd.eionet.europa.eu/vocabulary/aq/measurementequipment/GC855BTX	0	-999	5
GR	http://dd.eionet.europa.eu/vocabulary/aq/timezone/UTC+02	GR.MINNENV.AQ	NET-GR016A	STA-GR0032A	GR0032A	101	SPO-GR0032A_00464_100	SPP-GR_A_GC-FID_GC855BTX	SPO_F-GR0032A_00464_100_100	m,p-C6H4(CH3)2	http://dd.eionet.europa.eu/vocabulary/aq/pollutant/464	2005-01-01 00:00:00.0000000		EPSG:4979	23.73304749	37.99945831	105	automatic	traffic	urban		http://dd.eionet.europa.eu/vocabulary/aq/measurementequipment/GC855BTX	0	-999	5
GR	http://dd.eionet.europa.eu/vocabulary/aq/timezone/UTC+02	GR.MINNENV.AQ	NET-GR016A	STA-GR0032A	GR0032A	101	SPO-GR0032A_00482_100	SPP-GR_A_GC-FID_GC855BTX	SPO_F-GR0032A_00482_100_100	o-C6H4-(CH3)2	http://dd.eionet.europa.eu/vocabulary/aq/pollutant/482	2005-01-01 00:00:00.0000000		EPSG:4979	23.73304749	37.99945831	105	automatic	traffic	urban		http://dd.eionet.europa.eu/vocabulary/aq/measurementequipment/GC855BTX	0	-999	5
GR	http://dd.eionet.europa.eu/vocabulary/aq/timezone/UTC+02	GR.MINNENV.AQ	NET-GR016A	STA-GR0035A	GR0035A	112	SPO-GR0035A_00005_100	SPP-GR_A_BETA_andersenFH62IR	SPO_F-GR0035A_00005_100_100	PM10	http://dd.eionet.europa.eu/vocabulary/aq/pollutant/5	2001-01-01 00:00:00.0000000		EPSG:4979	23.77688599	38.06963348	210	automatic	background	suburban		http://dd.eionet.europa.eu/vocabulary/aq/measurementequipment/andersenFH62IR	4	-999	30
GR	http://dd.eionet.europa.eu/vocabulary/aq/timezone/UTC+02	GR.MINNENV.AQ	NET-GR016A	STA-GR0035A	GR0035A	112	SPO-GR0035A_00007_100	SPP-GR_A_UV-P_horibaAPOA360	SPO_F-GR0035A_00007_100_100	O3	http://dd.eionet.europa.eu/vocabulary/aq/pollutant/7	1994-01-01 00:00:00.0000000		EPSG:4979	23.77688599	38.06963348	210	automatic	background	suburban		http://dd.eionet.europa.eu/vocabulary/aq/measurementequipment/horibaAPOA360	4	-999	30
GR	http://dd.eionet.europa.eu/vocabulary/aq/timezone/UTC+02	GR.MINNENV.AQ	NET-GR016A	STA-GR0035A	GR0035A	112	SPO-GR0035A_00008_100	SPP-GR_A_chemi_horibaAPNA360	SPO_F-GR0035A_00008_100_100	NO2	http://dd.eionet.europa.eu/vocabulary/aq/pollutant/8	1994-01-01 00:00:00.0000000		EPSG:4979	23.77688599	38.06963348	210	automatic	background	suburban		http://dd.eionet.europa.eu/vocabulary/aq/measurementequipment/horibaAPNA360	4	-999	30
GR	http://dd.eionet.europa.eu/vocabulary/aq/timezone/UTC+02	GR.MINNENV.AQ	NET-GR016A	STA-GR0035A	GR0035A	112	SPO-GR0035A_00038_100	SPP-GR_A_chemi_horibaAPNA360	SPO_F-GR0035A_00038_100_100	NO	http://dd.eionet.europa.eu/vocabulary/aq/pollutant/38	1994-01-01 00:00:00.0000000		EPSG:4979	23.77688599	38.06963348	210	automatic	background	suburban		http://dd.eionet.europa.eu/vocabulary/aq/measurementequipment/horibaAPNA360	4	-999	30
GR	http://dd.eionet.europa.eu/vocabulary/aq/timezone/UTC+02	GR.MINNENV.AQ	NET-GR016A	STA-GR0035A	GR0035A	112	SPO-GR0035A_06001_100	SPP-GR_A_BETA_andersenFH62IR	SPO_F-GR0035A_06001_100_100	PM2.5	http://dd.eionet.europa.eu/vocabulary/aq/pollutant/6001	2005-01-01 00:00:00.0000000		EPSG:4979	23.77688599	38.06963348	210	automatic	background	suburban		http://dd.eionet.europa.eu/vocabulary/aq/measurementequipment/andersenFH62IR	5	-999	30
GR	http://dd.eionet.europa.eu/vocabulary/aq/timezone/UTC+02	GR.MINNENV.AQ	NET-GR016A	STA-GR0037A	GR0037A	113	SPO-GR0037A_00005_100	SPP-GR_A_BETA_andersenFH62IR	SPO_F-GR0037A_00005_100_100	PM10	http://dd.eionet.europa.eu/vocabulary/aq/pollutant/5	2001-01-01 00:00:00.0000000		EPSG:4979	23.75818253	38.14352417	550	automatic	background	suburban		http://dd.eionet.europa.eu/vocabulary/aq/measurementequipment/andersenFH62IR	4	-999	-999
GR	http://dd.eionet.europa.eu/vocabulary/aq/timezone/UTC+02	GR.MINNENV.AQ	NET-GR016A	STA-GR0037A	GR0037A	113	SPO-GR0037A_00007_100	SPP-GR_A_UV-P_horibaAPOA360	SPO_F-GR0037A_00007_100_100	O3	http://dd.eionet.europa.eu/vocabulary/aq/pollutant/7	2001-01-01 00:00:00.0000000		EPSG:4979	23.75818253	38.14352417	550	automatic	background	suburban		http://dd.eionet.europa.eu/vocabulary/aq/measurementequipment/horibaAPOA360	4	-999	-999
GR	http://dd.eionet.europa.eu/vocabulary/aq/timezone/UTC+02	GR.MINNENV.AQ	NET-GR016A	STA-GR0037A	GR0037A	113	SPO-GR0037A_00008_100	SPP-GR_A_chemi_horibaAPNA360	SPO_F-GR0037A_00008_100_100	NO2	http://dd.eionet.europa.eu/vocabulary/aq/pollutant/8	2001-01-01 00:00:00.0000000		EPSG:4979	23.75818253	38.14352417	550	automatic	background	suburban		http://dd.eionet.europa.eu/vocabulary/aq/measurementequipment/horibaAPNA360	4	-999	-999
GR	http://dd.eionet.europa.eu/vocabulary/aq/timezone/UTC+02	GR.MINNENV.AQ	NET-GR016A	STA-GR0037A	GR0037A	113	SPO-GR0037A_00038_100	SPP-GR_A_chemi_horibaAPNA360	SPO_F-GR0037A_00038_100_100	NO	http://dd.eionet.europa.eu/vocabulary/aq/pollutant/38	2001-01-01 00:00:00.0000000		EPSG:4979	23.75818253	38.14352417	550	automatic	background	suburban		http://dd.eionet.europa.eu/vocabulary/aq/measurementequipment/horibaAPNA360	4	-999	-999
GR	http://dd.eionet.europa.eu/vocabulary/aq/timezone/UTC+02	GR.MINNENV.AQ	NET-GR016A	STA-GR0038A	GR0038A	114	SPO-GR0038A_00001_100	SPP-GR_A_UV-FL_horibaAPSA360E	SPO_F-GR0038A_00001_100_100	SO2	http://dd.eionet.europa.eu/vocabulary/aq/pollutant/1	2001-01-01 00:00:00.0000000		EPSG:4979	23.53844643	38.05134964	20	automatic	industrial	urban		http://dd.eionet.europa.eu/vocabulary/aq/measurementequipment/horibaAPSA360E	8	-999	-999
GR	http://dd.eionet.europa.eu/vocabulary/aq/timezone/UTC+02	GR.MINNENV.AQ	NET-GR016A	STA-GR0038A	GR0038A	114	SPO-GR0038A_00005_100	SPP-GR_N_gravi_01788	SPO_F-GR0038A_00005_100_100	PM10	http://dd.eionet.europa.eu/vocabulary/aq/pollutant/5	2012-01-01 00:00:00.0000000		EPSG:4979	23.53844643	38.05134964	20	active	industrial	urban			0	-999	-999
GR	http://dd.eionet.europa.eu/vocabulary/aq/timezone/UTC+02	GR.MINNENV.AQ	NET-GR016A	STA-GR0038A	GR0038A	114	SPO-GR0038A_00007_100	SPP-GR_A_UV-P_horibaAPOA360	SPO_F-GR0038A_00007_100_100	O3	http://dd.eionet.europa.eu/vocabulary/aq/pollutant/7	2001-01-01 00:00:00.0000000		EPSG:4979	23.53844643	38.05134964	20	automatic	industrial	urban		http://dd.eionet.europa.eu/vocabulary/aq/measurementequipment/horibaAPOA360	8	-999	-999
GR	http://dd.eionet.europa.eu/vocabulary/aq/timezone/UTC+02	GR.MINNENV.AQ	NET-GR016A	STA-GR0038A	GR0038A	114	SPO-GR0038A_00008_100	SPP-GR_A_chemi_horibaAPNA360	SPO_F-GR0038A_00008_100_100	NO2	http://dd.eionet.europa.eu/vocabulary/aq/pollutant/8	2001-01-01 00:00:00.0000000		EPSG:4979	23.53844643	38.05134964	20	automatic	industrial	urban		http://dd.eionet.europa.eu/vocabulary/aq/measurementequipment/horibaAPNA360	8	-999	-999
GR	http://dd.eionet.europa.eu/vocabulary/aq/timezone/UTC+02	GR.MINNENV.AQ	NET-GR016A	STA-GR0038A	GR0038A	114	SPO-GR0038A_00012_100	SPP-GR_N_AAS_00061	SPO_F-GR0038A_00012_100_100	Pb	http://dd.eionet.europa.eu/vocabulary/aq/pollutant/12	2012-01-01 00:00:00.0000000		EPSG:4979	23.53844643	38.05134964	20	active	industrial	urban			0	-999	-999
GR	http://dd.eionet.europa.eu/vocabulary/aq/timezone/UTC+02	GR.MINNENV.AQ	NET-GR016A	STA-GR0038A	GR0038A	114	SPO-GR0038A_00014_100	SPP-GR_N_AAS_00061	SPO_F-GR0038A_00014_100_100	Cd	http://dd.eionet.europa.eu/vocabulary/aq/pollutant/14	2012-01-01 00:00:00.0000000		EPSG:4979	23.53844643	38.05134964	20	active	industrial	urban			0	-999	-999
GR	http://dd.eionet.europa.eu/vocabulary/aq/timezone/UTC+02	GR.MINNENV.AQ	NET-GR016A	STA-GR0038A	GR0038A	114	SPO-GR0038A_00015_100	SPP-GR_N_AAS_00061	SPO_F-GR0038A_00015_100_100	Ni	http://dd.eionet.europa.eu/vocabulary/aq/pollutant/15	2012-01-01 00:00:00.0000000		EPSG:4979	23.53844643	38.05134964	20	active	industrial	urban			0	-999	-999
GR	http://dd.eionet.europa.eu/vocabulary/aq/timezone/UTC+02	GR.MINNENV.AQ	NET-GR016A	STA-GR0038A	GR0038A	114	SPO-GR0038A_00018_100	SPP-GR_N_AAS_00061	SPO_F-GR0038A_00018_100_100	As	http://dd.eionet.europa.eu/vocabulary/aq/pollutant/18	2012-01-01 00:00:00.0000000		EPSG:4979	23.53844643	38.05134964	20	active	industrial	urban			0	-999	-999
GR	http://dd.eionet.europa.eu/vocabulary/aq/timezone/UTC+02	GR.MINNENV.AQ	NET-GR016A	STA-GR0038A	GR0038A	114	SPO-GR0038A_00038_100	SPP-GR_A_chemi_horibaAPNA360	SPO_F-GR0038A_00038_100_100	NO	http://dd.eionet.europa.eu/vocabulary/aq/pollutant/38	2001-01-01 00:00:00.0000000		EPSG:4979	23.53844643	38.05134964	20	automatic	industrial	urban		http://dd.eionet.europa.eu/vocabulary/aq/measurementequipment/horibaAPNA360	8	-999	-999
GR	http://dd.eionet.europa.eu/vocabulary/aq/timezone/UTC+02	GR.MINNENV.AQ	NET-GR016A	STA-GR0039A	GR0039A	115	SPO-GR0039A_00005_100	SPP-GR_A_BETA_andersenFH62IR	SPO_F-GR0039A_00005_100_100	PM10	http://dd.eionet.europa.eu/vocabulary/aq/pollutant/5	2001-01-01 00:00:00.0000000		EPSG:4979	23.81941795	37.99510574	290	automatic	background	suburban		http://dd.eionet.europa.eu/vocabulary/aq/measurementequipment/andersenFH62IR	4	-999	-999
GR	http://dd.eionet.europa.eu/vocabulary/aq/timezone/UTC+02	GR.MINNENV.AQ	NET-GR016A	STA-GR0039A	GR0039A	115	SPO-GR0039A_00007_100	SPP-GR_A_UV-P_horibaAPOA360	SPO_F-GR0039A_00007_100_100	O3	http://dd.eionet.europa.eu/vocabulary/aq/pollutant/7	2001-01-01 00:00:00.0000000		EPSG:4979	23.81941795	37.99510574	290	automatic	background	suburban		http://dd.eionet.europa.eu/vocabulary/aq/measurementequipment/horibaAPOA360	4	-999	-999
GR	http://dd.eionet.europa.eu/vocabulary/aq/timezone/UTC+02	GR.MINNENV.AQ	NET-GR016A	STA-GR0039A	GR0039A	115	SPO-GR0039A_00008_100	SPP-GR_A_chemi_horibaAPNA360	SPO_F-GR0039A_00008_100_100	NO2	http://dd.eionet.europa.eu/vocabulary/aq/pollutant/8	2001-01-01 00:00:00.0000000		EPSG:4979	23.81941795	37.99510574	290	automatic	background	suburban		http://dd.eionet.europa.eu/vocabulary/aq/measurementequipment/horibaAPNA360	4	-999	-999
GR	http://dd.eionet.europa.eu/vocabulary/aq/timezone/UTC+02	GR.MINNENV.AQ	NET-GR016A	STA-GR0039A	GR0039A	115	SPO-GR0039A_00038_100	SPP-GR_A_chemi_horibaAPNA360	SPO_F-GR0039A_00038_100_100	NO	http://dd.eionet.europa.eu/vocabulary/aq/pollutant/38	2001-01-01 00:00:00.0000000		EPSG:4979	23.81941795	37.99510574	290	automatic	background	suburban		http://dd.eionet.europa.eu/vocabulary/aq/measurementequipment/horibaAPNA360	4	-999	-999
GR	http://dd.eionet.europa.eu/vocabulary/aq/timezone/UTC+02	GR.MINNENV.AQ	NET-GR016A	STA-GR0039A	GR0039A	115	SPO-GR0039A_06001_100	SPP-GR_A_BETA_andersenFH62IR	SPO_F-GR0039A_06001_100_100	PM2.5	http://dd.eionet.europa.eu/vocabulary/aq/pollutant/6001	2007-01-01 00:00:00.0000000		EPSG:4979	23.81941795	37.99510574	290	automatic	background	suburban		http://dd.eionet.europa.eu/vocabulary/aq/measurementequipment/andersenFH62IR	0	-999	-999
GR	http://dd.eionet.europa.eu/vocabulary/aq/timezone/UTC+02	GR.MINNENV.AQ	NET-GR007A	STA-GR0044A	GR0044A	205	SPO-GR0044A_00007_100	SPP-GR_A_UV-P_horibaAPOA360	SPO_F-GR0044A_00007_100_100	O3	http://dd.eionet.europa.eu/vocabulary/aq/pollutant/7	2001-01-01 00:00:00.0000000		EPSG:4979	22.95670319	40.63357544	55	automatic	traffic	urban		http://dd.eionet.europa.eu/vocabulary/aq/measurementequipment/horibaAPOA360	35	-999	-999
GR	http://dd.eionet.europa.eu/vocabulary/aq/timezone/UTC+02	GR.MINNENV.AQ	NET-GR007A	STA-GR0044A	GR0044A	205	SPO-GR0044A_00008_100	SPP-GR_A_chemi_horibaAPNA360	SPO_F-GR0044A_00008_100_100	NO2	http://dd.eionet.europa.eu/vocabulary/aq/pollutant/8	2001-01-01 00:00:00.0000000		EPSG:4979	22.95670319	40.63357544	55	automatic	traffic	urban		http://dd.eionet.europa.eu/vocabulary/aq/measurementequipment/horibaAPNA360	35	-999	-999
GR	http://dd.eionet.europa.eu/vocabulary/aq/timezone/UTC+02	GR.MINNENV.AQ	NET-GR007A	STA-GR0044A	GR0044A	205	SPO-GR0044A_00038_100	SPP-GR_A_chemi_horibaAPNA360	SPO_F-GR0044A_00038_100_100	NO	http://dd.eionet.europa.eu/vocabulary/aq/pollutant/38	2001-01-01 00:00:00.0000000		EPSG:4979	22.95670319	40.63357544	55	automatic	traffic	urban		http://dd.eionet.europa.eu/vocabulary/aq/measurementequipment/horibaAPNA360	35	-999	-999
GR	http://dd.eionet.europa.eu/vocabulary/aq/timezone/UTC+02	GR.MINNENV.AQ	NET-GR007A	STA-GR0045A	GR0045A	206	SPO-GR0045A_00005_100	SPP-GR_A_BETA_andersenFH62IR	SPO_F-GR0045A_00005_100_100	PM10	http://dd.eionet.europa.eu/vocabulary/aq/pollutant/5	2013-01-01 00:00:00.0000000		EPSG:4979	22.876231	40.739842	229	automatic	background	suburban		http://dd.eionet.europa.eu/vocabulary/aq/measurementequipment/andersenFH62IR	-999	-999	-999
GR	http://dd.eionet.europa.eu/vocabulary/aq/timezone/UTC+02	GR.MINNENV.AQ	NET-GR007A	STA-GR0045A	GR0045A	206	SPO-GR0045A_00007_100	SPP-GR_A_UV-P_horibaAPOA360	SPO_F-GR0045A_00007_100_100	O3	http://dd.eionet.europa.eu/vocabulary/aq/pollutant/7	2001-01-01 00:00:00.0000000		EPSG:4979	22.876231	40.739842	229	automatic	background	suburban		http://dd.eionet.europa.eu/vocabulary/aq/measurementequipment/horibaAPOA360	4	-999	-999
GR	http://dd.eionet.europa.eu/vocabulary/aq/timezone/UTC+02	GR.MINNENV.AQ	NET-GR007A	STA-GR0045A	GR0045A	206	SPO-GR0045A_00008_100	SPP-GR_A_chemi_horibaAPNA360	SPO_F-GR0045A_00008_100_100	NO2	http://dd.eionet.europa.eu/vocabulary/aq/pollutant/8	2001-01-01 00:00:00.0000000		EPSG:4979	22.876231	40.739842	229	automatic	background	suburban		http://dd.eionet.europa.eu/vocabulary/aq/measurementequipment/horibaAPNA360	4	-999	-999
GR	http://dd.eionet.europa.eu/vocabulary/aq/timezone/UTC+02	GR.MINNENV.AQ	NET-GR007A	STA-GR0045A	GR0045A	206	SPO-GR0045A_00038_100	SPP-GR_A_chemi_horibaAPNA360	SPO_F-GR0045A_00038_100_100	NO	http://dd.eionet.europa.eu/vocabulary/aq/pollutant/38	2001-01-01 00:00:00.0000000		EPSG:4979	22.876231	40.739842	229	automatic	background	suburban		http://dd.eionet.europa.eu/vocabulary/aq/measurementequipment/horibaAPNA360	4	-999	-999
GR	http://dd.eionet.europa.eu/vocabulary/aq/timezone/UTC+02	GR.MINNENV.AQ	NET-GR007A	STA-GR0046A	GR0046A	207	SPO-GR0046A_00001_100	SPP-GR_A_chemi_horibaAPNA360	SPO_F-GR0046A_00001_100_100	SO2	http://dd.eionet.europa.eu/vocabulary/aq/pollutant/1	2001-01-01 00:00:00.0000000		EPSG:4979	22.80236626	40.65784454	14	automatic	industrial	urban		http://dd.eionet.europa.eu/vocabulary/aq/measurementequipment/horibaAPNA360	6	-999	-999
GR	http://dd.eionet.europa.eu/vocabulary/aq/timezone/UTC+02	GR.MINNENV.AQ	NET-GR007A	STA-GR0046A	GR0046A	207	SPO-GR0046A_00005_100	SPP-GR_A_BETA_andersenFH62IR	SPO_F-GR0046A_00005_100_100	PM10	http://dd.eionet.europa.eu/vocabulary/aq/pollutant/5	2001-01-01 00:00:00.0000000		EPSG:4979	22.80236626	40.65784454	14	automatic	industrial	urban		http://dd.eionet.europa.eu/vocabulary/aq/measurementequipment/andersenFH62IR	6	-999	-999
GR	http://dd.eionet.europa.eu/vocabulary/aq/timezone/UTC+02	GR.MINNENV.AQ	NET-GR007A	STA-GR0046A	GR0046A	207	SPO-GR0046A_00007_100	SPP-GR_A_UV-P_horibaAPOA360	SPO_F-GR0046A_00007_100_100	O3	http://dd.eionet.europa.eu/vocabulary/aq/pollutant/7	2001-01-01 00:00:00.0000000		EPSG:4979	22.80236626	40.65784454	14	automatic	industrial	urban		http://dd.eionet.europa.eu/vocabulary/aq/measurementequipment/horibaAPOA360	6	-999	-999
GR	http://dd.eionet.europa.eu/vocabulary/aq/timezone/UTC+02	GR.MINNENV.AQ	NET-GR007A	STA-GR0046A	GR0046A	207	SPO-GR0046A_00008_100	SPP-GR_A_chemi_horibaAPNA360	SPO_F-GR0046A_00008_100_100	NO2	http://dd.eionet.europa.eu/vocabulary/aq/pollutant/8	2001-01-01 00:00:00.0000000		EPSG:4979	22.80236626	40.65784454	14	automatic	industrial	urban		http://dd.eionet.europa.eu/vocabulary/aq/measurementequipment/horibaAPNA360	6	-999	-999
GR	http://dd.eionet.europa.eu/vocabulary/aq/timezone/UTC+02	GR.MINNENV.AQ	NET-GR007A	STA-GR0046A	GR0046A	207	SPO-GR0046A_00010_100	SPP-GR_A_NDIR_horibaAPMA360	SPO_F-GR0046A_00010_100_100	CO	http://dd.eionet.europa.eu/vocabulary/aq/pollutant/10	2001-01-01 00:00:00.0000000		EPSG:4979	22.80236626	40.65784454	14	automatic	industrial	urban		http://dd.eionet.europa.eu/vocabulary/aq/measurementequipment/horibaAPMA360	6	-999	-999
GR	http://dd.eionet.europa.eu/vocabulary/aq/timezone/UTC+02	GR.MINNENV.AQ	NET-GR007A	STA-GR0046A	GR0046A	207	SPO-GR0046A_00038_100	SPP-GR_A_chemi_horibaAPNA360	SPO_F-GR0046A_00038_100_100	NO	http://dd.eionet.europa.eu/vocabulary/aq/pollutant/38	2001-01-01 00:00:00.0000000		EPSG:4979	22.80236626	40.65784454	14	automatic	industrial	urban		http://dd.eionet.europa.eu/vocabulary/aq/measurementequipment/horibaAPNA360	6	-999	-999
GR	http://dd.eionet.europa.eu/vocabulary/aq/timezone/UTC+02	GR.MINNENV.AQ	NET-GR007A	STA-GR0047A	GR0047A	208	SPO-GR0047A_00005_100	SPP-GR_A_BETA_andersenFH62IR	SPO_F-GR0047A_00005_100_100	PM10	http://dd.eionet.europa.eu/vocabulary/aq/pollutant/5	2001-01-01 00:00:00.0000000		EPSG:4979	23.031681	40.588931	363	automatic	background	suburban		http://dd.eionet.europa.eu/vocabulary/aq/measurementequipment/andersenFH62IR	4	-999	-999
GR	http://dd.eionet.europa.eu/vocabulary/aq/timezone/UTC+02	GR.MINNENV.AQ	NET-GR007A	STA-GR0047A	GR0047A	208	SPO-GR0047A_00007_100	SPP-GR_A_UV-P_horibaAPOA360	SPO_F-GR0047A_00007_100_100	O3	http://dd.eionet.europa.eu/vocabulary/aq/pollutant/7	2001-01-01 00:00:00.0000000		EPSG:4979	23.031681	40.588931	363	automatic	background	suburban		http://dd.eionet.europa.eu/vocabulary/aq/measurementequipment/horibaAPOA360	4	-999	-999
GR	http://dd.eionet.europa.eu/vocabulary/aq/timezone/UTC+02	GR.MINNENV.AQ	NET-GR007A	STA-GR0047A	GR0047A	208	SPO-GR0047A_00008_100	SPP-GR_A_chemi_horibaAPNA360	SPO_F-GR0047A_00008_100_100	NO2	http://dd.eionet.europa.eu/vocabulary/aq/pollutant/8	2001-01-01 00:00:00.0000000		EPSG:4979	23.031681	40.588931	363	automatic	background	suburban		http://dd.eionet.europa.eu/vocabulary/aq/measurementequipment/horibaAPNA360	4	-999	-999
GR	http://dd.eionet.europa.eu/vocabulary/aq/timezone/UTC+02	GR.MINNENV.AQ	NET-GR007A	STA-GR0047A	GR0047A	208	SPO-GR0047A_00038_100	SPP-GR_A_chemi_horibaAPNA360	SPO_F-GR0047A_00038_100_100	NO	http://dd.eionet.europa.eu/vocabulary/aq/pollutant/38	2001-01-01 00:00:00.0000000		EPSG:4979	23.031681	40.588931	363	automatic	background	suburban		http://dd.eionet.europa.eu/vocabulary/aq/measurementequipment/horibaAPNA360	4	-999	-999
GR	http://dd.eionet.europa.eu/vocabulary/aq/timezone/UTC+02	GR.MINNENV.AQ	NET-GR010A	STA-GR0048A	GR0048A	302	SPO-GR0048A_00001_100	SPP-GR_A_chemi_horibaAPNA360	SPO_F-GR0048A_00001_100_100	SO2	http://dd.eionet.europa.eu/vocabulary/aq/pollutant/1	2001-01-01 00:00:00.0000000		EPSG:4979	21.73589706	38.24597549	19	automatic	traffic	urban		http://dd.eionet.europa.eu/vocabulary/aq/measurementequipment/horibaAPNA360	4	-999	-999
GR	http://dd.eionet.europa.eu/vocabulary/aq/timezone/UTC+02	GR.MINNENV.AQ	NET-GR010A	STA-GR0048A	GR0048A	302	SPO-GR0048A_00005_100	SPP-GR_A_BETA_andersenFH62IR	SPO_F-GR0048A_00005_100_100	PM10	http://dd.eionet.europa.eu/vocabulary/aq/pollutant/5	2001-01-01 00:00:00.0000000		EPSG:4979	21.73589706	38.24597549	19	automatic	traffic	urban		http://dd.eionet.europa.eu/vocabulary/aq/measurementequipment/andersenFH62IR	4	-999	-999
GR	http://dd.eionet.europa.eu/vocabulary/aq/timezone/UTC+02	GR.MINNENV.AQ	NET-GR010A	STA-GR0048A	GR0048A	302	SPO-GR0048A_00008_100	SPP-GR_A_chemi_horibaAPNA360	SPO_F-GR0048A_00008_100_100	NO2	http://dd.eionet.europa.eu/vocabulary/aq/pollutant/8	2001-01-01 00:00:00.0000000		EPSG:4979	21.73589706	38.24597549	19	automatic	traffic	urban		http://dd.eionet.europa.eu/vocabulary/aq/measurementequipment/horibaAPNA360	4	-999	-999
GR	http://dd.eionet.europa.eu/vocabulary/aq/timezone/UTC+02	GR.MINNENV.AQ	NET-GR010A	STA-GR0048A	GR0048A	302	SPO-GR0048A_00010_100	SPP-GR_A_NDIR_horibaAPMA360	SPO_F-GR0048A_00010_100_100	CO	http://dd.eionet.europa.eu/vocabulary/aq/pollutant/10	2001-01-01 00:00:00.0000000		EPSG:4979	21.73589706	38.24597549	19	automatic	traffic	urban		http://dd.eionet.europa.eu/vocabulary/aq/measurementequipment/horibaAPMA360	4	-999	-999
GR	http://dd.eionet.europa.eu/vocabulary/aq/timezone/UTC+02	GR.MINNENV.AQ	NET-GR010A	STA-GR0048A	GR0048A	302	SPO-GR0048A_00038_100	SPP-GR_A_chemi_horibaAPNA360	SPO_F-GR0048A_00038_100_100	NO	http://dd.eionet.europa.eu/vocabulary/aq/pollutant/38	2001-01-01 00:00:00.0000000		EPSG:4979	21.73589706	38.24597549	19	automatic	traffic	urban		http://dd.eionet.europa.eu/vocabulary/aq/measurementequipment/horibaAPNA360	4	-999	-999
GR	http://dd.eionet.europa.eu/vocabulary/aq/timezone/UTC+02	GR.MINNENV.AQ	NET-GR016A	STA-GR0110R	GR0110R	110	SPO-GR0110R_00001_100	SPP-GR_A_UV-FL_thermo43CTL	SPO_F-GR0110R_00001_100_100	SO2	http://dd.eionet.europa.eu/vocabulary/aq/pollutant/1	2001-01-01 00:00:00.0000000		EPSG:4979	23.11026764	38.37524796	110	automatic	background	rural-regional		http://dd.eionet.europa.eu/vocabulary/aq/measurementequipment/thermo43CTL	3	-999	-999
GR	http://dd.eionet.europa.eu/vocabulary/aq/timezone/UTC+02	GR.MINNENV.AQ	NET-GR016A	STA-GR0110R	GR0110R	110	SPO-GR0110R_00005_100	SPP-GR_A_BETA_andersenFH62IR	SPO_F-GR0110R_00005_100_100	PM10	http://dd.eionet.europa.eu/vocabulary/aq/pollutant/5	2010-01-01 00:00:00.0000000		EPSG:4979	23.11026764	38.37524796	110	automatic	background	rural-regional		http://dd.eionet.europa.eu/vocabulary/aq/measurementequipment/andersenFH62IR	0	-999	-999
GR	http://dd.eionet.europa.eu/vocabulary/aq/timezone/UTC+02	GR.MINNENV.AQ	NET-GR016A	STA-GR0110R	GR0110R	110	SPO-GR0110R_00007_100	SPP-GR_A_UV-P_dasibi	SPO_F-GR0110R_00007_100_100	O3	http://dd.eionet.europa.eu/vocabulary/aq/pollutant/7	2001-01-01 00:00:00.0000000		EPSG:4979	23.11026764	38.37524796	110	automatic	background	rural-regional		http://dd.eionet.europa.eu/vocabulary/aq/measurementequipment/dasibi	3	-999	-999
GR	http://dd.eionet.europa.eu/vocabulary/aq/timezone/UTC+02	GR.MINNENV.AQ	NET-GR016A	STA-GR0110R	GR0110R	110	SPO-GR0110R_00008_100	SPP-GR_A_chemi_thermo42c-TL	SPO_F-GR0110R_00008_100_100	NO2	http://dd.eionet.europa.eu/vocabulary/aq/pollutant/8	2001-01-01 00:00:00.0000000		EPSG:4979	23.11026764	38.37524796	110	automatic	background	rural-regional		http://dd.eionet.europa.eu/vocabulary/aq/measurementequipment/thermo42c-TL	3	-999	-999
GR	http://dd.eionet.europa.eu/vocabulary/aq/timezone/UTC+02	GR.MINNENV.AQ	NET-GR016A	STA-GR0110R	GR0110R	110	SPO-GR0110R_00038_100	SPP-GR_A_chemi_thermo42c-TL	SPO_F-GR0110R_00038_100_100	NO	http://dd.eionet.europa.eu/vocabulary/aq/pollutant/38	2001-01-01 00:00:00.0000000		EPSG:4979	23.11026764	38.37524796	110	automatic	background	rural-regional		http://dd.eionet.europa.eu/vocabulary/aq/measurementequipment/thermo42c-TL	3	-999	-999
GR	http://dd.eionet.europa.eu/vocabulary/aq/timezone/UTC+02	GR.MINNENV.AQ	NET-GR016A	STA-GR0119A	GR0119A	119	SPO-GR0119A_00007_100	SPP-GR_A_UV-P_horibaAPOA360	SPO_F-GR0119A_00007_100_100	O3	http://dd.eionet.europa.eu/vocabulary/aq/pollutant/7	2008-01-01 00:00:00.0000000		EPSG:4979	23.63891411	38.30621719	100	automatic	industrial	urban		http://dd.eionet.europa.eu/vocabulary/aq/measurementequipment/horibaAPOA360	0	-999	-999
GR	http://dd.eionet.europa.eu/vocabulary/aq/timezone/UTC+02	GR.MINNENV.AQ	NET-GR016A	STA-GR0119A	GR0119A	119	SPO-GR0119A_00008_100	SPP-GR_A_chemi_horibaAPNA360	SPO_F-GR0119A_00008_100_100	NO2	http://dd.eionet.europa.eu/vocabulary/aq/pollutant/8	2008-01-01 00:00:00.0000000		EPSG:4979	23.63891411	38.30621719	100	automatic	industrial	urban		http://dd.eionet.europa.eu/vocabulary/aq/measurementequipment/horibaAPNA360	0	-999	-999
GR	http://dd.eionet.europa.eu/vocabulary/aq/timezone/UTC+02	GR.MINNENV.AQ	NET-GR016A	STA-GR0119A	GR0119A	119	SPO-GR0119A_00038_100	SPP-GR_A_chemi_horibaAPNA360	SPO_F-GR0119A_00038_100_100	NO	http://dd.eionet.europa.eu/vocabulary/aq/pollutant/38	2008-01-01 00:00:00.0000000		EPSG:4979	23.63891411	38.30621719	100	automatic	industrial	urban		http://dd.eionet.europa.eu/vocabulary/aq/measurementequipment/horibaAPNA360	0	-999	-999
GR	http://dd.eionet.europa.eu/vocabulary/aq/timezone/UTC+02	GR.MINNENV.AQ	NET-GR016A	STA-GR0120A	GR0120A	120	SPO-GR0120A_00005_100	SPP-GR_A_BETA_andersenFH62IR	SPO_F-GR0120A_00005_100_100	PM10	http://dd.eionet.europa.eu/vocabulary/aq/pollutant/5	2008-01-01 00:00:00.0000000		EPSG:4979	23.8790226	37.90130615	140	automatic	background	suburban		http://dd.eionet.europa.eu/vocabulary/aq/measurementequipment/andersenFH62IR	0	-999	-999
GR	http://dd.eionet.europa.eu/vocabulary/aq/timezone/UTC+02	GR.MINNENV.AQ	NET-GR016A	STA-GR0120A	GR0120A	120	SPO-GR0120A_00007_100	SPP-GR_A_UV-P_horibaAPOA360	SPO_F-GR0120A_00007_100_100	O3	http://dd.eionet.europa.eu/vocabulary/aq/pollutant/7	2008-01-01 00:00:00.0000000		EPSG:4979	23.8790226	37.90130615	140	automatic	background	suburban		http://dd.eionet.europa.eu/vocabulary/aq/measurementequipment/horibaAPOA360	0	-999	-999
GR	http://dd.eionet.europa.eu/vocabulary/aq/timezone/UTC+02	GR.MINNENV.AQ	NET-GR016A	STA-GR0120A	GR0120A	120	SPO-GR0120A_00008_100	SPP-GR_A_chemi_horibaAPNA360	SPO_F-GR0120A_00008_100_100	NO2	http://dd.eionet.europa.eu/vocabulary/aq/pollutant/8	2008-01-01 00:00:00.0000000		EPSG:4979	23.8790226	37.90130615	140	automatic	background	suburban		http://dd.eionet.europa.eu/vocabulary/aq/measurementequipment/horibaAPNA360	0	-999	-999
GR	http://dd.eionet.europa.eu/vocabulary/aq/timezone/UTC+02	GR.MINNENV.AQ	NET-GR016A	STA-GR0120A	GR0120A	120	SPO-GR0120A_00038_100	SPP-GR_A_chemi_horibaAPNA360	SPO_F-GR0120A_00038_100_100	NO	http://dd.eionet.europa.eu/vocabulary/aq/pollutant/38	2008-01-01 00:00:00.0000000		EPSG:4979	23.8790226	37.90130615	140	automatic	background	suburban		http://dd.eionet.europa.eu/vocabulary/aq/measurementequipment/horibaAPNA360	0	-999	-999
GR	http://dd.eionet.europa.eu/vocabulary/aq/timezone/UTC+01	GR.MINNENV.AQ	NET-GR017A	STA-GR0230A	GR0230A	230	SPO-GR0230A_00005_100	SPP-GR_A_TEOM_TEOM1400A	SPO_F-GR0230A_00005_100_100	PM10	http://dd.eionet.europa.eu/vocabulary/aq/pollutant/5	2008-01-01 00:00:00.0000000		EPSG:4979	20.85000038	39.61999893	485	automatic	background	suburban		http://dd.eionet.europa.eu/vocabulary/aq/measurementequipment/TEOM1400A	0	-999	-999
